epoch,train_loss,train_accuracy,train_eval_accuracy,valid_loss,valid_accuracy,valid_precision,valid_recall,valid_f1,grad_norm_mean,grad_norm_max,is_best,epoch_seconds
1,0.6931748986244202,0.4981732964515686,0.5510585305105853,0.6929029414840832,0.5242839352428393,0.5240955894584809,0.5240381856392837,0.5238586039522968,0.010458653792738914,0.025422269478440285,True,0.83
2,0.6922644972801208,0.5247122049331665,0.5840597758405978,0.6924129120291096,0.5298879202988792,0.529835837748632,0.5298350510667008,0.5298352389560546,0.011139101348817348,0.02460583858191967,True,0.81
3,0.6910730600357056,0.530571460723877,0.5877957658779577,0.6915009571042185,0.5386052303860523,0.5385089254679974,0.5384911864380492,0.538474784051391,0.013200012966990471,0.026481308043003082,True,0.82
4,0.6877445578575134,0.5424277782440186,0.5940224159402242,0.6905257627646326,0.5404732254047323,0.5403670507895859,0.5403407548720812,0.5403128219130477,0.018954388797283173,0.03542109951376915,True,0.82
5,0.6818891763687134,0.5526297688484192,0.6021170610211706,0.6923088558287283,0.547945205479452,0.5478508214503521,0.5478258846520718,0.5478077544200939,0.0278788935393095,0.04448234289884567,True,0.82
6,0.6802938580513,0.5545598864555359,0.6027397260273972,0.6897319256888231,0.5417185554171855,0.5416008805634861,0.5415613924885032,0.5415130639856017,0.0446418896317482,0.06579690426588058,False,0.81
7,0.6694844365119934,0.5815812945365906,0.6201743462017435,0.6880828363363948,0.5566625155666252,0.5565928704509527,0.5565812840735485,0.5565793065793065,0.04926591366529465,0.07764814049005508,True,0.82
8,0.6629469990730286,0.591162919998169,0.6432129514321295,0.6874688363461239,0.5585305105853051,0.5584290771332754,0.5583688124762503,0.5583207364126841,0.0786905437707901,0.12272617965936661,True,0.82
9,0.6515600681304932,0.6047425270080566,0.6674968866749689,0.6860944432012764,0.5616438356164384,0.561544211228056,0.5614266105204383,0.5613145539906104,0.09277623891830444,0.13928785920143127,True,0.82
10,0.6362453699111938,0.6264562010765076,0.6811955168119551,0.6907176092582503,0.5554171855541719,0.5553065076073533,0.5552241583882,0.5551412224224057,0.16991400718688965,0.2711489796638489,False,0.82
11,0.6200972199440002,0.6472737193107605,0.6980074719800747,0.6897605050396949,0.5740971357409713,0.5740272716130403,0.5740052268726396,0.5740020010392995,0.1625489592552185,0.28873807191848755,True,0.82
12,0.6026176810264587,0.6638174653053284,0.7291407222914073,0.7039300103858577,0.5772104607721046,0.5771729015447609,0.577174696973222,0.5771735754519853,0.22421307861804962,0.38342928886413574,True,0.82
13,0.5926549434661865,0.6702281832695007,0.7391033623910336,0.7058301571742683,0.574719800747198,0.574682052236491,0.5746837897153139,0.5746826981350603,0.22695675492286682,0.3600589334964752,False,0.82
14,0.5822123885154724,0.6842214465141296,0.7546699875466999,0.7221071616204857,0.5884184308841843,0.5884382754342432,0.588445819665139,0.5884144414706668,0.31276726722717285,0.46859559416770935,True,0.82
15,0.5635973215103149,0.6953884363174438,0.7658779576587795,0.7243992103586161,0.5697384806973848,0.5697208436724566,0.5697267912120296,0.5697182948414476,0.2677247226238251,0.4866187572479248,False,0.82
16,0.5530946850776672,0.7105535268783569,0.7864259028642591,0.7514985917068805,0.5797011207970112,0.579695041004454,0.5797028282499282,0.5796879210439078,0.3618406355381012,0.6153503060340881,False,0.83
17,0.531294047832489,0.7227545380592346,0.7914072229140723,0.7463156200138154,0.5933997509339975,0.5933936923859505,0.5934028181684232,0.5933869813950692,0.33522623777389526,0.627751886844635,True,0.82
18,0.5184577107429504,0.731715738773346,0.7926525529265255,0.7905354006946607,0.5834371108343711,0.5833783196823032,0.5833647410991942,0.5833658743715573,0.4333736300468445,0.6790251731872559,False,0.82
19,0.5100625157356262,0.7373681664466858,0.8144458281444583,0.7645942431458204,0.5859277708592777,0.585890874123705,0.5858928723759005,0.5858916460612227,0.3825560510158539,0.7167096138000488,False,0.82
20,0.4961329698562622,0.747432291507721,0.8250311332503113,0.8043250895080947,0.5896637608966376,0.5895984608701048,0.5895671932314326,0.5895643041932266,0.392272025346756,0.730169951915741,False,0.82
21,0.48234280943870544,0.7550148367881775,0.8405977584059776,0.8128701634009184,0.5834371108343711,0.583521021021021,0.5835136371743868,0.5834356572725083,0.44420790672302246,0.8359729051589966,False,0.82
22,0.47995007038116455,0.7577031850814819,0.8524283935242839,0.809294932212212,0.5896637608966376,0.5896464019851116,0.5896540492752949,0.5896445098415541,0.4158337116241455,0.6906614303588867,False,0.81
23,0.46164238452911377,0.7713517546653748,0.8586550435865504,0.8400105135526931,0.5915317559153176,0.5914912097030609,0.5914912097030609,0.5914912097030609,0.4444413185119629,0.7632594108581543,False,0.82
24,0.4591060280799866,0.7744536995887756,0.8642590286425903,0.8384125021890566,0.5915317559153176,0.5914912097030609,0.5914912097030609,0.5914912097030609,0.4896472096443176,0.8677024245262146,False,0.83
25,0.4409722089767456,0.7807955145835876,0.8655043586550436,0.8427722213574097,0.5946450809464509,0.5945820145224353,0.5945490077472488,0.5945468316081798,0.4439813196659088,0.8198930621147156,True,0.83
26,0.4401620030403137,0.7797614932060242,0.887920298879203,0.8456230116068649,0.5797011207970112,0.579683622828784,0.5796904202436622,0.5796814023415009,0.508836567401886,0.9861165881156921,False,0.82
27,0.41839897632598877,0.7962363362312317,0.8835616438356164,0.8633483658692014,0.5909090909090909,0.5908477405582515,0.5908250548666527,0.5908251693581318,0.4173930585384369,0.7165217399597168,False,0.82
28,0.41393324732780457,0.8029227256774902,0.900373599003736,0.9123740380312111,0.5877957658779577,0.5877731302914269,0.5877796648287308,0.5877727510302075,0.49501490592956543,0.7503799796104431,False,0.81
29,0.40054094791412354,0.8073344230651855,0.9009962640099627,0.9225488950128424,0.5840597758405978,0.5839863422962015,0.5839316318854741,0.5839145867722438,0.4893338680267334,0.7983287572860718,False,0.82
30,0.3930017054080963,0.8144344091415405,0.9084682440846824,0.9305675311818961,0.5840597758405978,0.5840107707508349,0.5840060799230704,0.5840075194500627,0.491220623254776,0.7042472958564758,False,0.83
31,0.377272367477417,0.8227062821388245,0.9084682440846824,0.9716460155520315,0.5803237858032378,0.5803118772342026,0.5803193510612723,0.5803075138340901,0.47042375802993774,0.8003284335136414,False,0.83
32,0.3733418881893158,0.8193975687026978,0.9190535491905355,0.9763532474655588,0.5865504358655044,0.586489878423178,0.5864721711684464,0.5864728364728364,0.5219014286994934,0.8404989242553711,False,0.82
33,0.3648914396762848,0.8318053483963013,0.9302615193026152,0.9762220560836317,0.5759651307596513,0.5760657110945644,0.5760533234069283,0.5759610206377066,0.4841996431350708,0.7194096446037292,False,0.81
34,0.35721755027770996,0.839181125164032,0.9215442092154421,0.9987376439912827,0.5896637608966376,0.5896123396123396,0.5896044172502307,0.5896063205855266,0.4940333068370819,0.6293702125549316,False,0.82
35,0.3498363494873047,0.8358723521232605,0.9296388542963886,0.9954788379027865,0.5971357409713575,0.5971296882172679,0.5971391790552854,0.5971230887635679,0.512906014919281,0.7557570338249207,True,0.83
36,0.3362368047237396,0.8394567966461182,0.9439601494396015,1.0485466639992607,0.5865504358655044,0.5866636260826263,0.586645883256171,0.5865446650124069,0.524773359298706,0.7856663465499878,False,0.82
37,0.33534520864486694,0.8439373970031738,0.9383561643835616,1.0195494921388544,0.599626400996264,0.5995768495768495,0.5995680462818633,0.5995703552905822,0.5150319337844849,0.7461327314376831,True,0.82
38,0.3242802023887634,0.8536568880081177,0.9458281444582815,1.037527348006499,0.5940224159402242,0.5940224159402241,0.5940317489860332,0.5940123419453995,0.49691733717918396,0.7323747277259827,False,0.82
39,0.3167445957660675,0.8555180430412292,0.9476961394769614,1.0808973490523817,0.5797011207970112,0.5797669714980581,0.5797648682812584,0.5797009578421508,0.5386106371879578,0.8317707777023315,False,0.82
40,0.3109256625175476,0.8577927947044373,0.9551681195516812,1.1113552601815457,0.5933997509339975,0.5933824441687345,0.5933904101621571,0.5933806751540742,0.5553522706031799,0.8424947261810303,False,0.82
41,0.30265742540359497,0.8653753399848938,0.9526774595267746,1.0774222216006382,0.5828144458281445,0.5829466312312563,0.5829219303755748,0.5828040937168982,0.5437049865722656,0.6718711256980896,False,0.83
42,0.29518064856529236,0.8637209534645081,0.9645080946450809,1.096866973458904,0.5834371108343711,0.583580028548377,0.5835508611931849,0.5834240284124064,0.5117810964584351,0.6598361730575562,False,0.82
43,0.28266459703445435,0.8728200197219849,0.9613947696139477,1.1146902271997587,0.589041095890411,0.5890003024451527,0.5890003024451527,0.5890003024451527,0.5070446729660034,0.7753224968910217,False,0.81
44,0.28181925415992737,0.8752326369285583,0.9669987546699875,1.1350830382160648,0.5927770859277709,0.5927770859277708,0.5927862953570792,0.5927669810311216,0.5153740644454956,0.6523054838180542,False,0.82
45,0.2825418710708618,0.8752326369285583,0.9701120797011208,1.153790807664617,0.5815691158156912,0.5817218399186947,0.5816888847528867,0.5815528921313184,0.4763767123222351,0.5853143334388733,False,0.82
46,0.27005451917648315,0.8809540271759033,0.9688667496886675,1.1386372149361768,0.5933997509339975,0.5934855309855309,0.5934772662060195,0.5933983321359462,0.4701637625694275,0.5414528846740723,False,0.81
47,0.2599615752696991,0.8839870691299438,0.9713574097135741,1.192702201947774,0.5896637608966376,0.5897308632477571,0.5897284973128911,0.589663601804411,0.4978378415107727,0.6256858706474304,False,0.82
48,0.2612851858139038,0.8836423754692078,0.9713574097135741,1.1836360109550124,0.597758405977584,0.5977714192662898,0.5977805178791615,0.5977527915632754,0.5768961310386658,0.9513106346130371,False,0.82
49,0.25634533166885376,0.8880540728569031,0.9763387297633873,1.2088855634145392,0.6002490660024906,0.6002490660024906,0.6002590171308037,0.6002391465167891,0.5150406956672668,0.6049150228500366,True,0.83
50,0.2500040531158447,0.887433648109436,0.9775840597758406,1.2022425365329235,0.6008717310087173,0.6011248338983892,0.6010368440236062,0.6008270041997761,0.5143610835075378,0.6143473982810974,True,0.82
51,0.24426151812076569,0.8937065005302429,0.9782067247820673,1.254938146987858,0.5915317559153176,0.591737089201878,0.5916773297970515,0.591500713443762,0.4849255383014679,0.5768535733222961,False,0.82
52,0.2428407073020935,0.8922589421272278,0.9775840597758406,1.2261518998579546,0.5909090909090909,0.5909944034944035,0.5909863589481112,0.5909076634200867,0.5020730495452881,0.5798205733299255,False,0.82
53,0.2369609773159027,0.897704541683197,0.9794520547945206,1.2697595807713262,0.5990037359900373,0.5991423513659855,0.5991128275519779,0.5989937856025113,0.5094376802444458,0.6137745380401611,False,0.81
54,0.2349189817905426,0.8966705799102783,0.9788293897882939,1.1901894233295065,0.5859277708592777,0.5859777281469074,0.5859797284197629,0.5859276103185636,0.5525686740875244,1.0738966464996338,False,0.82
55,0.22914069890975952,0.9012890458106995,0.9850560398505604,1.330611859579312,0.5896637608966376,0.5896836228287841,0.589691273294093,0.5896597835539628,0.5030040740966797,0.7736275792121887,False,0.82
56,0.22032412886619568,0.9043909907341003,0.9838107098381071,1.3853636631187733,0.5933997509339975,0.593419665012407,0.5934276341809552,0.5933958098038509,0.5077011585235596,0.5868528485298157,False,0.83
57,0.2201666533946991,0.9057696461677551,0.9863013698630136,1.3561333719255915,0.5915317559153176,0.5915092130342605,0.5915160257155929,0.5915089496613537,0.5329228043556213,0.5646685361862183,False,0.83
58,0.21532486379146576,0.9079754948616028,0.9831880448318805,1.3387090889632627,0.599626400996264,0.5995992456388496,0.5996052703006615,0.5996001654862011,0.5311353206634521,0.7939388155937195,False,0.82
59,0.21047726273536682,0.9093540906906128,0.9856787048567871,1.3350896965967465,0.5828144458281445,0.5828722983505106,0.5828722983505106,0.5828144458281445,0.5338371396064758,0.8049513101577759,False,0.82
60,0.20455871522426605,0.91431725025177,0.9856787048567871,1.365667321762142,0.5952677459526775,0.595383586741192,0.5953640586588496,0.5952620967741936,0.4586835205554962,0.4895407259464264,False,0.82
61,0.2003227174282074,0.9170055985450745,0.9838107098381071,1.4204814526093554,0.5946450809464509,0.5947930242661206,0.5947599438537716,0.5946323505179022,0.494983047246933,0.6434435844421387,False,0.82
62,0.1985131800174713,0.9154201745986938,0.9850560398505604,1.3736164857857254,0.5859277708592777,0.5859777281469074,0.5859797284197629,0.5859276103185636,0.47061076760292053,0.5483574867248535,False,0.81
63,0.19579187035560608,0.9140415191650391,0.987546699875467,1.4138046777708593,0.5803237858032378,0.5803118772342026,0.5803193510612723,0.5803075138340901,0.4582451581954956,0.589091956615448,False,0.82
64,0.1897784322500229,0.9183842539787292,0.9856787048567871,1.4578188543450343,0.5884184308841843,0.5884685774551771,0.588470635677671,0.5884182713091284,0.4689822793006897,0.5385265946388245,False,0.82
65,0.1870431900024414,0.9193493127822876,0.9881693648816936,1.4259674718341375,0.589041095890411,0.5890832897779529,0.589087158489015,0.5890404585551048,0.45964813232421875,0.5524901747703552,False,0.83
66,0.18490289151668549,0.9232094883918762,0.9869240348692403,1.4175666628560866,0.5921544209215442,0.59225924547034,0.5922442205833314,0.5921504677205549,0.48223721981048584,0.5962485074996948,False,0.82
67,0.1816847175359726,0.9251396059989929,0.9894146948941469,1.466657170619941,0.5965130759651308,0.5965900894822316,0.5965846962752717,0.5965124502177392,0.5071272253990173,0.5596902966499329,False,0.82
68,0.17704656720161438,0.926862895488739,0.9881693648816936,1.4517544073007471,0.5815691158156912,0.5815691158156912,0.5815772126964924,0.5815587328026204,0.47083377838134766,0.5090999603271484,False,0.82
69,0.17793360352516174,0.9260357022285461,0.9906600249066002,1.4670901173820827,0.5915317559153176,0.5915447305774615,0.5915532497343912,0.5915260545905707,0.466541051864624,0.5917802453041077,False,0.82
70,0.17367006838321686,0.9262425303459167,0.9912826899128269,1.4172652115115194,0.5896637608966376,0.5897308632477571,0.5897284973128911,0.589663601804411,0.4534105360507965,0.5950102806091309,False,0.82
71,0.16634881496429443,0.9319639205932617,0.9894146948941469,1.5636979004514322,0.5902864259028643,0.5903810506231919,0.5903698361367673,0.5902838842750908,0.44512441754341125,0.5967088937759399,False,0.83
72,0.16613070666790009,0.9318949580192566,0.9919053549190535,1.5266161926953612,0.5927770859277709,0.5928921694101732,0.5928731514009414,0.5927714019851116,0.5200695395469666,0.7234639525413513,False,0.82
73,0.16626013815402985,0.9297580718994141,0.9919053549190535,1.5353839727000311,0.589041095890411,0.5890184912057048,0.5890251184576848,0.5890181505739229,0.481501042842865,0.5814417600631714,False,0.82
74,0.16487036645412445,0.9304473996162415,0.9931506849315068,1.5307839133522727,0.5797011207970112,0.5797352291620139,0.5797400522687264,0.5796996541987192,0.4954535961151123,0.5878273248672485,False,0.81
75,0.1586417555809021,0.9338250756263733,0.9906600249066002,1.5688129961861768,0.5865504358655044,0.5865504358655044,0.5865590272123087,0.586540176459732,0.4188295602798462,0.54478520154953,False,0.82
76,0.15871770679950714,0.9363065958023071,0.9912826899128269,1.5539857857254047,0.587173100871731,0.5872577122577123,0.587249998061249,0.5871716603462975,0.4568294882774353,0.5841801166534424,False,0.82
77,0.1530672162771225,0.9362376928329468,0.9925280199252802,1.589446983479919,0.5884184308841843,0.5885858905606038,0.5885450837152673,0.5883991214040475,0.43928974866867065,0.5270249843597412,False,0.82
78,0.15854166448116302,0.9318260550498962,0.9943960149439601,1.5344426783351495,0.5915317559153176,0.5915740888653837,0.5915780657469232,0.5915311224426496,0.47314175963401794,0.5605207681655884,False,0.81
79,0.15072917938232422,0.9375473856925964,0.9925280199252802,1.5597287150723849,0.5884184308841843,0.5885423777195835,0.5885202677027352,0.58841061156093,0.44663578271865845,0.6075580716133118,False,0.82
80,0.14898602664470673,0.9367891550064087,0.9956413449564134,1.6138102720267746,0.597758405977584,0.5979432317053299,0.5978921899355559,0.5977359473799306,0.48042649030685425,0.5950962901115417,False,0.82
81,0.14458341896533966,0.9386503100395203,0.9925280199252802,1.631376843672167,0.5877957658779577,0.58792992973425,0.5879037448913911,0.58778553737401,0.5028131008148193,0.5994956493377686,False,0.82
82,0.1468191295862198,0.9387881755828857,0.9943960149439601,1.6085300849353985,0.5896637608966376,0.5898554863059617,0.5898029453504874,0.5896368725589525,0.4645203649997711,0.5943915843963623,False,0.82
83,0.13748903572559357,0.944854199886322,0.9950186799501868,1.6183867686118463,0.5965130759651308,0.5966090915436699,0.5965971042815377,0.5965105729639193,0.43160367012023926,0.6092786192893982,False,0.81
84,0.13678652048110962,0.945129930973053,0.9962640099626401,1.6610920717232254,0.5983810709838107,0.5985787624463039,0.598521120753166,0.598354753870295,0.41123679280281067,0.5409040451049805,False,0.81
85,0.13724133372306824,0.942579448223114,0.9950186799501868,1.5853017614609277,0.5921544209215442,0.5921607672361385,0.5921697725457351,0.5921466725755054,0.42885223031044006,0.5208151340484619,False,0.82
86,0.1272493153810501,0.9478872418403625,0.9950186799501868,1.668839508094645,0.5927770859277709,0.5928359273821433,0.5928359273821433,0.5927770859277709,0.3927379250526428,0.5057971477508545,False,0.82
87,0.13389351963996887,0.9460949897766113,0.9962640099626401,1.6716977472174657,0.599626400996264,0.5996947549974563,0.5996921263445238,0.5996262457666711,0.4407709240913391,0.555796205997467,False,0.83
88,0.12355393171310425,0.9500241279602051,0.9962640099626401,1.7128542927401151,0.5921544209215442,0.5922399672399672,0.5922318125770654,0.5921529977780164,0.4308340549468994,0.5699217319488525,False,0.81
89,0.12711183726787567,0.9486454725265503,0.99813200498132,1.7056585290512143,0.589041095890411,0.5891354424390962,0.5891243825078132,0.5890385465373253,0.43812650442123413,0.6168258190155029,False,0.82
90,0.12948378920555115,0.9469221830368042,0.9968866749688667,1.7054829484647416,0.5846824408468244,0.5847167423509267,0.5847218667845427,0.5846809916304381,0.43218210339546204,0.5722048878669739,False,0.82
91,0.12180710583925247,0.9503688216209412,0.9962640099626401,1.7331701067286738,0.597758405977584,0.5979192688735968,0.5978797819292898,0.5977428099952852,0.43230974674224854,0.5289201736450195,False,0.82
92,0.12050998210906982,0.9509891867637634,0.9962640099626401,1.6822903491788606,0.6014943960149439,0.6015074324795868,0.6015168787660238,0.6014888337468982,0.42632412910461426,0.5360766649246216,True,0.82
93,0.12564584612846375,0.9489212036132812,0.9962640099626401,1.6884619687889166,0.6046077210460772,0.6048096739751199,0.6047483888979364,0.6045818119498253,0.4410237669944763,0.5975069403648376,True,0.82
94,0.12332931905984879,0.9499552249908447,0.9962640099626401,1.6955520800902864,0.5952677459526775,0.5955019379634388,0.5954260986901798,0.5952275705899231,0.4853210151195526,0.8040295839309692,False,0.82
95,0.1272643804550171,0.9489212036132812,0.9975093399750934,1.7119586037223693,0.5933997509339975,0.5935049019607843,0.5934896742122855,0.593395809803851,0.41674670577049255,0.5792587399482727,False,0.82
96,0.11467695236206055,0.9540911316871643,0.9968866749688667,1.7448189285297322,0.5915317559153176,0.5916464607446639,0.5916276977719874,0.5915260545905707,0.43258577585220337,0.5069738626480103,False,0.82
97,0.11703190207481384,0.9529193043708801,0.9968866749688667,1.7292909159013077,0.597758405977584,0.5979192688735968,0.5978797819292898,0.5977428099952852,0.484419047832489,0.5847323536872864,False,0.82
98,0.11967922747135162,0.9506445527076721,0.9975093399750934,1.7213309586122354,0.5940224159402242,0.5940648879528144,0.5940689730048314,0.5940217863301944,0.4560573101043701,0.5075829029083252,False,0.81
99,0.11340917646884918,0.953126072883606,0.99813200498132,1.7413590028603674,0.5933997509339975,0.5935254365606345,0.5935020822185515,0.5933920262470306,0.43555745482444763,0.5198559165000916,False,0.82
100,0.11478904634714127,0.954022228717804,0.9975093399750934,1.7538439226922478,0.5834371108343711,0.583521021021021,0.5835136371743868,0.5834356572725083,0.43400776386260986,0.5717478394508362,False,0.82
101,0.1103125512599945,0.9553319215774536,0.99813200498132,1.702073948766345,0.5909090909090909,0.5910135889798958,0.5909987669543773,0.5909051256372588,0.3737110495567322,0.5497491955757141,False,0.82
102,0.11044847965240479,0.9552630186080933,0.9975093399750934,1.778714950770548,0.5859277708592777,0.586050848299058,0.586029360444827,0.5859199042178795,0.38921862840652466,0.5193840265274048,False,0.82
103,0.10667162388563156,0.9577445387840271,0.9975093399750934,1.8521985425747198,0.5946450809464509,0.5946957007258515,0.5946979038224414,0.5946449237855411,0.4023100435733795,0.5246055722236633,False,0.82
104,0.10505342483520508,0.9578135013580322,0.99813200498132,1.7608420632102273,0.5971357409713575,0.5970996960109187,0.5971019550364873,0.597100593987385,0.4081883132457733,0.530754029750824,False,0.83
105,0.10417632758617401,0.9582270979881287,0.9993773349937733,1.7808793805456102,0.5946450809464509,0.5946797687287526,0.5946854958161754,0.5946436664938758,0.3841375410556793,0.5513221025466919,False,0.82
106,0.1006854847073555,0.9607775807380676,0.9987546699875467,1.8105154073104763,0.6002490660024906,0.6003086491558678,0.6003086491558678,0.6002490660024906,0.4051501452922821,0.5392879247665405,False,0.81
107,0.10264796763658524,0.9584338665008545,0.9987546699875467,1.8186399999027085,0.6002490660024906,0.6002174408667856,0.6002217931120055,0.6002186860227061,0.43929874897003174,0.6628414392471313,False,0.82
108,0.10336649417877197,0.9598125219345093,0.99813200498132,1.799840867742061,0.5927770859277709,0.5927450436044934,0.592749071338281,0.5927461380978969,0.40861061215400696,0.562038242816925,False,0.81
109,0.10270003229379654,0.9587785601615906,1.0,1.8587749856495175,0.5909090909090909,0.5910135889798958,0.5909987669543773,0.5909051256372588,0.4325006306171417,0.5583673715591431,False,0.82
110,0.10257434844970703,0.9593989253044128,0.9993773349937733,1.7784022501070205,0.599626400996264,0.599776577918451,0.599741758369588,0.5996138270092337,0.40023571252822876,0.5253767371177673,False,0.82
111,0.09957930445671082,0.9613290429115295,0.9975093399750934,1.7848289556253891,0.5965130759651308,0.5967483814085898,0.5966715523191339,0.5964730242188772,0.42670443654060364,0.47814860939979553,False,0.82
112,0.09244989603757858,0.9633969664573669,0.9987546699875467,1.8854997190710616,0.5965130759651308,0.596775821142528,0.5966839603253999,0.5964623841371866,0.37417730689048767,0.5066224932670593,False,0.81
113,0.09801901876926422,0.9612600803375244,0.9987546699875467,1.8208510991496731,0.5952677459526775,0.5953445663082104,0.5953392426463175,0.5952671182739668,0.4198438823223114,0.500866711139679,False,0.82
114,0.08819738775491714,0.9651892185211182,0.9987546699875467,1.8478316785686488,0.5927770859277709,0.5929588196316316,0.5929103754197396,0.5927543492050691,0.3504519760608673,0.4956750273704529,False,0.82
115,0.08976562321186066,0.9633969664573669,0.9993773349937733,1.9098348843205168,0.5921544209215442,0.59225924547034,0.5922442205833314,0.5921504677205549,0.4167782962322235,0.5814895629882812,False,0.82
116,0.09714541584253311,0.9601571559906006,0.9993773349937733,1.914616909003347,0.5990037359900373,0.5991003079118612,0.5990880115394458,0.5990012484394507,0.4097544848918915,0.572706401348114,False,0.82
117,0.0916774794459343,0.963741660118103,0.9993773349937733,1.8224605118500934,0.5877957658779577,0.5878087173641644,0.5878168888475288,0.587790012406948,0.41046422719955444,0.514531135559082,False,0.83
118,0.09346722066402435,0.9618115425109863,0.9993773349937733,1.8418949264963418,0.5958904109589042,0.5960863978347777,0.5960302134952578,0.5958639306384828,0.37909871339797974,0.5475489497184753,False,0.81
119,0.08668702840805054,0.966016411781311,1.0,1.893346727117061,0.5952677459526775,0.5952949241074268,0.5953020186275194,0.5952652352261536,0.4097086787223816,0.5362280011177063,False,0.81
120,0.08930535614490509,0.9636726975440979,0.9993773349937733,1.940540356475716,0.5952677459526775,0.5953445663082104,0.5953392426463175,0.5952671182739668,0.4248526692390442,0.5270649194717407,False,0.82
121,0.09083053469657898,0.9647067189216614,0.9993773349937733,1.9273339600521482,0.5927770859277709,0.5929833546734955,0.5929227834260056,0.5927461380978969,0.41282057762145996,0.540744423866272,False,0.82
122,0.08318313211202621,0.9677397012710571,1.0,1.8919782626673411,0.5933997509339975,0.593547135853038,0.5935144902248175,0.5933869813950694,0.39335840940475464,0.6176961064338684,False,0.82
123,0.08521917462348938,0.9672572016716003,0.9993773349937733,1.8881802493578768,0.5877957658779577,0.5878898342550006,0.5878789288788591,0.5877932087995594,0.4837516248226166,0.8035309314727783,False,0.82
124,0.09295973181724548,0.9644309878349304,0.9993773349937733,1.8579618423100872,0.5933997509339975,0.5934673226538943,0.5934648581997534,0.5933995932902585,0.4023706018924713,0.6181086301803589,False,0.82
125,0.08993291854858398,0.9631901979446411,1.0,1.9010696886188512,0.5927770859277709,0.5929132282372436,0.5928855594072076,0.5927669810311216,0.42334556579589844,0.5733615756034851,False,0.82
126,0.08262759447097778,0.9671882390975952,1.0,1.9438807961355853,0.5927770859277709,0.5929132282372436,0.5928855594072076,0.5927669810311216,0.3785702884197235,0.5250758528709412,False,0.82
127,0.07633086293935776,0.9698766469955444,0.99813200498132,2.0248956549657535,0.6002490660024906,0.6004111810205047,0.600370689187198,0.6002335665897417,0.37169551849365234,0.5328189134597778,False,0.81
128,0.08103781193494797,0.9675329327583313,0.9987546699875467,2.029803702424502,0.599626400996264,0.5998001390337157,0.599754166375854,0.5996076173416074,0.4190155565738678,0.5757380723953247,False,0.82
129,0.07572610676288605,0.969738781452179,0.9993773349937733,2.041170987215909,0.6046077210460772,0.6046590979589305,0.6046615328540741,0.6046075677478011,0.38023215532302856,0.5067256689071655,False,0.82
130,0.07932621240615845,0.9690494537353516,0.9993773349937733,2.0077609659577367,0.6027397260273972,0.602782684758822,0.6027871484075099,0.6027391099366013,0.47659534215927124,0.9509950280189514,False,0.82
131,0.07877818495035172,0.9684979915618896,0.9993773349937733,2.0083138547828456,0.5946450809464509,0.5947128091226068,0.5947103118287075,0.5946449237855411,0.387064129114151,0.5143690705299377,False,0.82
132,0.07725507766008377,0.968291163444519,1.0,2.0219021199797633,0.597758405977584,0.5979684165599659,0.5979045979418219,0.5977278367144363,0.402142196893692,0.5083644986152649,False,0.82
133,0.07562147825956345,0.9713242053985596,1.0,2.021110411153487,0.5983810709838107,0.5985306895053684,0.5984963047406339,0.5983684578864008,0.3833117187023163,0.5068939328193665,False,0.82
134,0.07267475128173828,0.9727028608322144,1.0,2.0166508162749066,0.5952677459526775,0.5953102874965298,0.5953144266337854,0.5952671182739668,0.3566058874130249,0.6140856146812439,False,0.82
135,0.07202786207199097,0.9715999364852905,1.0,1.9916967864648194,0.5958904109589042,0.5960389126792032,0.5960053974827257,0.595877719640735,0.3447498083114624,0.4887917637825012,False,0.82
136,0.0687035396695137,0.9731853604316711,1.0,2.055040941440302,0.5909090909090909,0.591101668611725,0.5910483989794415,0.5908822841748587,0.447726309299469,1.0133233070373535,False,0.82
137,0.0739605575799942,0.9700145125389099,0.9993773349937733,2.117298777047011,0.5921544209215442,0.5923728813559321,0.5923062606146616,0.592118839353535,0.3720736503601074,0.5008797645568848,False,0.82
138,0.07435564696788788,0.9720824360847473,0.9993773349937733,2.061402735347914,0.589041095890411,0.5891354424390962,0.5891243825078132,0.5890385465373253,0.44233769178390503,0.6642067432403564,False,0.82
139,0.06861115247011185,0.9747707843780518,1.0,2.0465287033974158,0.5952677459526775,0.5955291841902216,0.5954385066964458,0.5952168976684742,0.3519013524055481,0.5062950253486633,False,0.82
140,0.06977281719446182,0.9733921885490417,1.0,2.0318787457191783,0.6014943960149439,0.6019225718827748,0.6017278148725465,0.6013732270369974,0.35558754205703735,0.4446318447589874,False,0.82
141,0.06968190521001816,0.9738746881484985,1.0,2.0370984297166874,0.6014943960149439,0.6016121300687389,0.60159132680362,0.6014888337468982,0.34473252296447754,0.513100802898407,False,0.82
142,0.06833726912736893,0.9738057851791382,1.0,2.0544664660842153,0.6046077210460772,0.6047842494662099,0.6047359808916704,0.604589171091634,0.3692370057106018,0.4902501702308655,False,0.82
143,0.06545624136924744,0.9744261503219604,1.0,2.1731671515021795,0.6039850560398505,0.6043492780975015,0.6041939061179226,0.6038965974575943,0.37056660652160645,0.48050105571746826,False,0.82
144,0.0701708272099495,0.9727028608322144,1.0,2.086461961492061,0.599626400996264,0.5997133497133498,0.5997045343507899,0.5996250039255948,0.4555600583553314,0.8476839065551758,False,0.82
145,0.0685124397277832,0.9732543230056763,0.9993773349937733,2.0799051287165318,0.5828144458281445,0.5829265000860981,0.5829095223693088,0.5828086228287841,0.36855074763298035,0.5006466507911682,False,0.82
146,0.07214587926864624,0.9728407263755798,0.9993773349937733,2.060641278068571,0.589041095890411,0.5891975763594188,0.5891616065266112,0.5890251619146877,0.41519224643707275,0.5559722185134888,False,0.82
147,0.0737866684794426,0.971462070941925,0.9993773349937733,1.963710305105853,0.5927770859277709,0.5928535199601681,0.5928483353884093,0.592776454386422,0.39353200793266296,0.6159541606903076,False,0.82
148,0.07044846564531326,0.9733232259750366,0.9993773349937733,1.943181362128347,0.6033623910336239,0.6035900540137829,0.6035153432752484,0.6033277872796976,0.3354278802871704,0.4893830418586731,False,0.82
149,0.06288613379001617,0.9743572473526001,1.0,2.06639940919793,0.5952677459526775,0.595557625868561,0.5954509147027118,0.595204968443127,0.3313086926937103,0.5004509091377258,False,0.82
150,0.06863115727901459,0.9745640158653259,1.0,2.0634519356125467,0.5940224159402242,0.5942049226500561,0.5941558290486937,0.5939997487487845,0.3949785530567169,0.4947574734687805,False,0.82
151,0.06388363242149353,0.9753912091255188,0.9993773349937733,2.0777258011947386,0.5946450809464509,0.5947712012708972,0.5947475358475056,0.5946373799185557,0.3617708384990692,0.49617037177085876,False,0.81
152,0.06346550583839417,0.9761494398117065,0.9993773349937733,2.0422864940068495,0.5952677459526775,0.5953102874965298,0.5953144266337854,0.5952671182739668,0.3858988583087921,0.5203219652175903,False,0.81
153,0.058115120977163315,0.9773902297019958,1.0,2.150717919374611,0.6033623910336239,0.6033974168093501,0.603403671218854,0.603361006999384,0.3151370584964752,0.42494267225265503,False,0.82
154,0.056868769228458405,0.9773213267326355,1.0,2.1462403863928237,0.5990037359900373,0.5991652249470507,0.5991252355582439,0.5989881882925134,0.3148801624774933,0.4441993832588196,False,0.82
155,0.06341336667537689,0.9768387675285339,1.0,2.114788050669365,0.5958904109589042,0.5959766584766585,0.5959681734639276,0.5958890008518056,0.39703160524368286,0.5010525584220886,False,0.82
156,0.058354657143354416,0.97718346118927,1.0,2.1698993763620797,0.6027397260273972,0.602799556413776,0.602799556413776,0.6027397260273972,0.31423550844192505,0.4113294184207916,False,0.82
157,0.058528054505586624,0.9775280952453613,1.0,2.11491635371264,0.5952677459526775,0.5952949241074268,0.5953020186275194,0.5952652352261536,0.3301537334918976,0.4452381134033203,False,0.82
158,0.06066590175032616,0.9764941334724426,1.0,2.1465068736379203,0.5927770859277709,0.5928535199601681,0.5928483353884093,0.592776454386422,0.33779242634773254,0.4790771007537842,False,0.82
159,0.051894091069698334,0.9780795574188232,1.0,2.1923499766500623,0.5884184308841843,0.5884685774551771,0.588470635677671,0.5884182713091284,0.3150174915790558,0.45842960476875305,False,0.81
160,0.057183776050806046,0.9773213267326355,1.0,2.2022730921155045,0.5865504358655044,0.586538565923031,0.5865466192060427,0.5865344053202313,0.3400183320045471,0.5030530095100403,False,0.82
161,0.05411886051297188,0.979458212852478,0.9993773349937733,2.1634191605697386,0.597758405977584,0.5977466055629221,0.5977557018666294,0.5977428099952853,0.32395821809768677,0.44031307101249695,False,0.82
162,0.05332621932029724,0.9801475405693054,0.9993773349937733,2.1382939586900687,0.597758405977584,0.5977266417793549,0.5977308858540973,0.5977278367144363,0.3078095316886902,0.4045526683330536,False,0.81
163,0.05292006954550743,0.9792513847351074,1.0,2.2342696516481166,0.6002490660024906,0.6002918856713914,0.6002962411496018,0.6002484460490565,0.3210809528827667,0.45750826597213745,False,0.82
164,0.05643623694777489,0.9779416918754578,1.0,2.273118566605697,0.587173100871731,0.5872966130093207,0.5872748140737811,0.5871652578894047,0.43749523162841797,0.8323291540145874,False,0.82
165,0.05781685933470726,0.9791135191917419,1.0,2.2185233414247354,0.5965130759651308,0.5966507021144887,0.5966219202940697,0.5965030637739553,0.3677184581756592,0.504599392414093,False,0.82
166,0.05599108710885048,0.9790446162223816,1.0,2.1807482803743774,0.6021170610211706,0.6024948735475051,0.6023319296776245,0.6020206227306097,0.3742932379245758,0.47828224301338196,False,0.82
167,0.05393838509917259,0.9792513847351074,1.0,2.207623663459293,0.5965130759651308,0.5965900894822316,0.5965846962752717,0.5965124502177392,0.38297325372695923,0.4873187243938446,False,0.82
168,0.05369334667921066,0.9789756536483765,1.0,2.1490625972914073,0.5865504358655044,0.586644226070905,0.586633475249905,0.586547871061794,0.4600633978843689,1.0736749172210693,False,0.82
169,0.05561895668506622,0.9779416918754578,1.0,2.113791725852273,0.5896637608966376,0.5897881424298462,0.5897657213316893,0.5896559652324551,0.3148574233055115,0.48440492153167725,False,0.82
170,0.05407112091779709,0.9793203473091125,1.0,2.1338135373696296,0.5896637608966376,0.5900519590294352,0.5898898013943497,0.5895477499188484,0.35372063517570496,0.4189637303352356,False,0.82
171,0.05371547490358353,0.9804232716560364,1.0,2.2227801445263853,0.597758405977584,0.5979192688735968,0.5978797819292898,0.5977428099952852,0.38082465529441833,0.5363706350326538,False,0.82
172,0.05489807575941086,0.9798028469085693,1.0,2.1604456919364883,0.5965130759651308,0.5966507021144887,0.5966219202940697,0.5965030637739553,0.31318914890289307,0.4387824833393097,False,0.82
173,0.051664646714925766,0.9791824817657471,1.0,2.155069733616127,0.5940224159402242,0.5941378780756826,0.5941186050298956,0.5940167493796527,0.31818288564682007,0.3884895145893097,False,0.82
174,0.04418019950389862,0.9832494854927063,1.0,2.2284542097991906,0.5921544209215442,0.5925153793574847,0.5923683006459919,0.5920555679007031,0.33616673946380615,0.49800875782966614,False,0.83
175,0.05022303760051727,0.982008695602417,1.0,2.239464556740349,0.5927770859277709,0.5929833546734955,0.5929227834260056,0.5927461380978969,0.3441197872161865,0.4039517343044281,False,0.82
176,0.050826702266931534,0.9811815023422241,1.0,2.226318967446295,0.587173100871731,0.5874129130807347,0.5873368541051114,0.5871268389773036,0.3105517327785492,0.4577805995941162,False,0.82
177,0.050309259444475174,0.9812504649162292,1.0,2.242821414325187,0.5915317559153176,0.5917626076279856,0.5916897378033176,0.5914912097030609,0.4103507399559021,0.8064940571784973,False,0.81
178,0.049081750214099884,0.9818019270896912,1.0,2.2894057562461083,0.5946450809464509,0.5948921426176372,0.5948095758788359,0.5945996563713796,0.331473708152771,0.437089204788208,False,0.82
179,0.047265928238630295,0.9837319850921631,1.0,2.352513067452133,0.5896637608966376,0.5899059895930355,0.5898277613630194,0.5896177781086622,0.3363722860813141,0.4470483958721161,False,0.81
180,0.05057275667786598,0.9800785779953003,1.0,2.328047622927693,0.587173100871731,0.5873631216944355,0.5873120380925791,0.5871460493271403,0.5384235382080078,1.609000563621521,False,0.81
181,0.054428067058324814,0.979733943939209,0.9993773349937733,2.307823019633406,0.589041095890411,0.5891354424390962,0.5891243825078132,0.5890385465373253,0.35381630063056946,0.49241241812705994,False,0.82
182,0.05526363104581833,0.9795271158218384,1.0,2.309770519973926,0.5921544209215442,0.5923728813559321,0.5923062606146616,0.592118839353535,0.5277762413024902,1.352514386177063,False,0.82
183,0.056179676204919815,0.9786310195922852,1.0,2.1968977418664384,0.5859277708592777,0.5861663748245842,0.5860914004761573,0.5858813694116242,0.36447200179100037,0.5495083332061768,False,0.82
184,0.05129186809062958,0.9811125993728638,1.0,2.1794169082736614,0.5902864259028643,0.5905161641828345,0.5904442841743636,0.5902457560741068,0.32251375913619995,0.3742278218269348,False,0.82
185,0.053227245807647705,0.9802854061126709,1.0,2.174794198270159,0.5853051058530511,0.5854382804827531,0.5854128376334831,0.5852948155454542,0.373157799243927,0.5751503109931946,False,0.82
186,0.04685651883482933,0.9822155237197876,1.0,2.2265669085168898,0.5940224159402242,0.5942296201451132,0.5941682370549597,0.5939915627520317,0.38715624809265137,0.7816001772880554,False,0.82
187,0.049228355288505554,0.9820776581764221,1.0,2.2805066328416874,0.5915317559153176,0.5916464607446639,0.5916276977719874,0.5915260545905707,0.30619996786117554,0.43106114864349365,False,0.82
188,0.04210938140749931,0.9833183884620667,1.0,2.3193271204662205,0.5940224159402242,0.5940648879528144,0.5940689730048314,0.5940217863301944,0.3085387349128723,0.42860203981399536,False,0.82
189,0.04643566161394119,0.9825601577758789,1.0,2.337935318240193,0.5896637608966376,0.5897488397488397,0.5897409053191571,0.589662329062157,0.3161361515522003,0.44224584102630615,False,0.82
190,0.04775157943367958,0.9822155237197876,1.0,2.231911703183375,0.6033623910336239,0.6035382218580863,0.6034905272627162,0.6033437826541275,0.3051823675632477,0.4178592264652252,False,0.82
191,0.0409468449652195,0.9833873510360718,1.0,2.2472457410686486,0.5990037359900373,0.5991423513659855,0.5991128275519779,0.5989937856025113,0.3133605420589447,0.3759365677833557,False,0.83
192,0.044113628566265106,0.9840766787528992,1.0,2.2859920439951744,0.5940224159402242,0.5941178751754788,0.5941061970236294,0.5940198974883879,0.29784369468688965,0.4287424385547638,False,0.82
193,0.04492655396461487,0.9840766787528992,1.0,2.2386324111729454,0.5902864259028643,0.5904215789857468,0.5903946521492993,0.5902762592025657,0.2935527265071869,0.38845229148864746,False,0.82
194,0.0400736965239048,0.9840766787528992,1.0,2.2843973770236614,0.5933997509339975,0.5936731461930195,0.5935765302561478,0.5933428335999225,0.318450927734375,0.37544918060302734,False,0.82
195,0.042864736169576645,0.9846970438957214,1.0,2.3732651725949565,0.5952677459526775,0.5954510256684807,0.5954012826776478,0.5952451482924999,0.3140515089035034,0.47795528173446655,False,0.82
196,0.04243360087275505,0.9835941195487976,1.0,2.3821867946372977,0.5958904109589042,0.5960389126792032,0.5960053974827257,0.595877719640735,0.3263157308101654,0.43740424513816833,False,0.81
197,0.04433264583349228,0.9839388132095337,1.0,2.3336362541835305,0.597758405977584,0.5978356126562527,0.5978301499042257,0.5977577821615117,0.3265531659126282,0.4124506711959839,False,0.83
198,0.041019558906555176,0.9844902753829956,1.0,2.308258094645081,0.5927770859277709,0.5928921694101732,0.5928731514009414,0.5927714019851116,0.29152029752731323,0.4102943539619446,False,0.82
199,0.04314768686890602,0.9834562540054321,0.9993773349937733,2.317810590656133,0.6002490660024906,0.6005157319994473,0.6004203212122622,0.6001988435433236,0.3421304225921631,0.43984276056289673,False,0.82
200,0.0419299341738224,0.9844213128089905,0.9993773349937733,2.3179090982059463,0.5952677459526775,0.595557625868561,0.5954509147027118,0.595204968443127,0.3161677122116089,0.4551894962787628,False,0.82
201,0.03905293717980385,0.9859378337860107,0.9993773349937733,2.304089765916874,0.597758405977584,0.5980224580948345,0.5979294139543541,0.5977078706058989,0.2760264277458191,0.41263216733932495,False,0.82
202,0.040087126195430756,0.9848349094390869,1.0,2.2924339512959215,0.6014943960149439,0.6017341551891939,0.6016533668349502,0.6014548387346936,0.3008461594581604,0.38583558797836304,False,0.82
203,0.0380433090031147,0.9861446619033813,1.0,2.3523767074641966,0.6027397260273972,0.6029030931674128,0.6028615964451062,0.6027243231841981,0.29556599259376526,0.3687913119792938,False,0.84
204,0.03947284445166588,0.9853174686431885,1.0,2.3846678775393055,0.6014943960149439,0.6016121300687389,0.60159132680362,0.6014888337468982,0.28427809476852417,0.4430620074272156,False,0.83
205,0.03707864508032799,0.9859378337860107,1.0,2.3700413306059307,0.597758405977584,0.5979432317053299,0.5978921899355559,0.5977359473799306,0.26333087682724,0.3776118755340576,False,0.82
206,0.035028763115406036,0.9872475266456604,1.0,2.434350342708982,0.5896637608966376,0.5898801763208543,0.5898153533567534,0.5896279620366102,0.27890345454216003,0.3931463956832886,False,0.81
207,0.034609414637088776,0.9871786236763,1.0,2.4361101010371264,0.5946450809464509,0.5948921426176372,0.5948095758788359,0.5945996563713796,0.30045825242996216,0.3794332444667816,False,0.82
208,0.03817814588546753,0.985455334186554,1.0,2.396182467601961,0.6014943960149439,0.6016571370939587,0.6016161428161522,0.60147894488697,0.3221931457519531,0.3947596251964569,False,0.82
209,0.03711482509970665,0.9857310652732849,1.0,2.359568670707503,0.6008717310087173,0.6009228239965259,0.6009251719672118,0.6008715762619536,0.2845619320869446,0.3995298743247986,False,0.82
210,0.04110867530107498,0.9848349094390869,1.0,2.333220029382005,0.5952677459526775,0.5954048774887403,0.5953764666651157,0.5952577028596775,0.3050602674484253,0.5052294731140137,False,0.81
211,0.03657745569944382,0.9875922203063965,1.0,2.1998839799968866,0.5958904109589042,0.5961386808737876,0.5960550295077899,0.5958451259370587,0.38319262862205505,1.0425902605056763,False,0.82
212,0.041968975216150284,0.9844213128089905,1.0,2.254608876381538,0.6052303860523038,0.6055022798086731,0.6054021357280785,0.6051807894181733,0.3532767593860626,0.5758600831031799,True,0.83
213,0.037137143313884735,0.9855931997299194,1.0,2.342394609083126,0.6002490660024906,0.600460947503201,0.6003955051997301,0.6002186860227061,0.3425113260746002,0.554673433303833,False,0.82
214,0.03939817473292351,0.9844213128089905,1.0,2.48201309907184,0.5927770859277709,0.5930090510731365,0.5929351914322716,0.5927366633320149,0.355207234621048,0.4336870610713959,False,0.82
215,0.03903331980109215,0.9847660064697266,1.0,2.429590208592777,0.5877957658779577,0.588049362476383,0.5879657849227213,0.5877439788561998,0.4816220700740814,1.2732892036437988,False,0.82
216,0.04250693321228027,0.9838698506355286,1.0,2.43266537715014,0.5952677459526775,0.595383586741192,0.5953640586588496,0.5952620967741936,0.4157968759536743,0.6464357972145081,False,0.82
217,0.03939613327383995,0.9856621026992798,1.0,2.3753716835791563,0.5965130759651308,0.5966292954067014,0.5966095122878037,0.5965074441687345,0.31045088171958923,0.37430819869041443,False,0.82
218,0.03909071534872055,0.9858689308166504,1.0,2.4086321192987237,0.6027397260273972,0.6028578387342483,0.602836780432574,0.6027341811414392,0.3635406792163849,0.5808400511741638,False,0.81
219,0.04051140695810318,0.9853863716125488,1.0,2.3574832902008094,0.6027397260273972,0.602799556413776,0.602799556413776,0.6027397260273972,0.32858291268348694,0.40829816460609436,False,0.82
220,0.03447091206908226,0.9871096611022949,1.0,2.341802651677304,0.6008717310087173,0.60097884090345,0.60096239598601,0.600867862303627,0.2859213054180145,0.36003577709198,False,0.83
221,0.03488904610276222,0.9871096611022949,1.0,2.37775942753736,0.6058530510585305,0.6060060199838639,0.6059690265143584,0.605840672623398,0.34408682584762573,0.593892514705658,True,0.81
222,0.03783253952860832,0.9860756993293762,1.0,2.3553711545571296,0.6127023661270237,0.6127299769073176,0.6127383694328765,0.6126999635548732,0.4143311679363251,0.8994507193565369,True,0.82
223,0.03498893603682518,0.9866960644721985,1.0,2.3922018808861303,0.6077210460772104,0.607748533250206,0.6077565549170603,0.6077186126038104,0.3147979974746704,0.4072100818157196,False,0.82
224,0.03737097606062889,0.9856621026992798,1.0,2.43787305173957,0.5983810709838107,0.5983750201610402,0.5983846326842395,0.5983684578864008,0.3107219934463501,0.4853135645389557,False,0.83
225,0.03511722385883331,0.9872475266456604,1.0,2.4679037167749844,0.597758405977584,0.5977466055629221,0.5977557018666294,0.5977428099952853,0.2770947217941284,0.41840890049934387,False,0.82
226,0.032938528805971146,0.9878679513931274,1.0,2.516823660540551,0.6021170610211706,0.6021682486506608,0.6021706255961659,0.6021169067572361,0.30029943585395813,0.39865735173225403,False,0.82
227,0.035728611052036285,0.9867650270462036,1.0,2.4480786163216064,0.5965130759651308,0.5967483814085898,0.5966715523191339,0.5964730242188772,0.28929585218429565,0.3849232792854309,False,0.81
228,0.030484657734632492,0.9882815480232239,1.0,2.471881111116516,0.6014943960149439,0.6017341551891939,0.6016533668349502,0.6014548387346936,0.27009445428848267,0.38098904490470886,False,0.82
229,0.03310537710785866,0.9875922203063965,1.0,2.4840256630409403,0.6014943960149439,0.6017341551891939,0.6016533668349502,0.6014548387346936,0.2976885437965393,0.4365841746330261,False,0.82
230,0.03551855683326721,0.9864203333854675,1.0,2.5819461200186797,0.6021170610211706,0.6022457895324738,0.6022202576212301,0.602109501947707,0.43598949909210205,1.0404701232910156,False,0.82
231,0.036841630935668945,0.9871786236763,1.0,2.5617076831024286,0.5965130759651308,0.5967221510883483,0.5966591443128679,0.5964824120603016,0.3724242150783539,0.46409833431243896,False,0.82
232,0.03622473031282425,0.9860756993293762,1.0,2.41325057280316,0.6002490660024906,0.6004111810205047,0.600370689187198,0.6002335665897417,0.3053938150405884,0.4185289144515991,False,0.82
233,0.03303401917219162,0.9884883165359497,1.0,2.3493991343497043,0.5921544209215442,0.5922796718503718,0.5922566285895974,0.5921466725755054,0.31694841384887695,0.4598858058452606,False,0.83
234,0.03468133881688118,0.986833930015564,1.0,2.370666427897338,0.6014943960149439,0.6016571370939587,0.6016161428161522,0.60147894488697,0.28593719005584717,0.37946370244026184,False,0.82
235,0.030893653631210327,0.9882815480232239,1.0,2.458833877354452,0.5965130759651308,0.5966090915436699,0.5965971042815377,0.5965105729639193,0.2563697099685669,0.3508673906326294,False,0.82
236,0.03141597658395767,0.9880058169364929,1.0,2.5109364662787983,0.5884184308841843,0.5885423777195835,0.5885202677027352,0.58841061156093,0.29424944519996643,0.4111339747905731,False,0.82
237,0.03272779658436775,0.9875232577323914,1.0,2.451180235980308,0.5915317559153176,0.5916674036114951,0.5916401057782534,0.5915216201168436,0.2822772264480591,0.430532306432724,False,0.82
238,0.03166080266237259,0.987730085849762,1.0,2.532063295357254,0.5896637608966376,0.5896464019851116,0.5896540492752949,0.5896445098415541,0.2854374051094055,0.3909866511821747,False,0.84
239,0.03325503319501877,0.9880058169364929,1.0,2.49534004562967,0.5921544209215442,0.5922048514175817,0.5922069965645332,0.5921542627949761,0.27968478202819824,0.3430652916431427,False,0.82
240,0.031906772404909134,0.9880747199058533,1.0,2.46227343263543,0.5946450809464509,0.5947505584512286,0.5947351278412396,0.5946411518871468,0.25630953907966614,0.4183836579322815,False,0.82
241,0.029876617714762688,0.9883504509925842,1.0,2.45839971444972,0.5958904109589042,0.5959582955913192,0.5959557654576615,0.5958902542808235,0.262265145778656,0.4814901351928711,False,0.82
242,0.0312749519944191,0.9883504509925842,1.0,2.3786022143524286,0.6014943960149439,0.6016571370939587,0.6016161428161522,0.60147894488697,0.2556355595588684,0.3728266954421997,False,0.82
243,0.026354920119047165,0.9906941652297974,1.0,2.4997795741555104,0.5965130759651308,0.5966090915436699,0.5965971042815377,0.5965105729639193,0.2373453974723816,0.3393392860889435,False,0.82
244,0.02687918022274971,0.9906252026557922,1.0,2.546501644224782,0.5958904109589042,0.5959411253799863,0.5959433574513955,0.5958902542808235,0.24715910851955414,0.3249005079269409,False,0.81
245,0.027439268305897713,0.9899359345436096,1.0,2.5770262151696763,0.5921544209215442,0.5923012474399554,0.5922690365958635,0.5921416122722365,0.30984658002853394,0.38604632019996643,False,0.81
246,0.028802623972296715,0.9893844723701477,1.0,2.597878196022727,0.5940224159402242,0.5941814006532347,0.5941434210424277,0.5940066751036006,0.2689352035522461,0.4136592149734497,False,0.82
247,0.030754441395401955,0.9876611232757568,1.0,2.57401595822307,0.597758405977584,0.5979432317053299,0.5978921899355559,0.5977359473799306,0.30179113149642944,0.421805202960968,False,0.82
248,0.0275616142898798,0.9899359345436096,1.0,2.490801401482721,0.597758405977584,0.5980224580948345,0.5979294139543541,0.5977078706058989,0.40515342354774475,1.2692726850509644,False,0.83
249,0.02852390706539154,0.9897980690002441,1.0,2.479472425182908,0.6021170610211706,0.6024948735475051,0.6023319296776245,0.6020206227306097,0.28414052724838257,0.3507440686225891,False,0.82
250,0.03486063331365585,0.9871096611022949,1.0,2.580601978420766,0.597758405977584,0.5979192688735968,0.5978797819292898,0.5977428099952852,0.392690509557724,0.7921425700187683,False,0.82
251,0.03245404362678528,0.9873853921890259,1.0,2.4863284290356478,0.6027397260273972,0.6028578387342483,0.602836780432574,0.6027341811414392,0.27625682950019836,0.4123505651950836,False,0.82
252,0.030216798186302185,0.9884883165359497,1.0,2.493507014710461,0.5965130759651308,0.5966090915436699,0.5965971042815377,0.5965105729639193,0.37746456265449524,0.8381606340408325,False,0.82
253,0.030465412884950638,0.9881436824798584,1.0,2.521683822384807,0.5971357409713575,0.5973080838174686,0.5972632591179459,0.5971168404665941,0.2886385917663574,0.4332777261734009,False,0.82
254,0.026775579899549484,0.9905562996864319,1.0,2.524771608421544,0.5853051058530511,0.5854597081390567,0.5854252456397491,0.585289027023003,0.25012820959091187,0.3886110186576843,False,0.82
255,0.027414020150899887,0.9895912408828735,1.0,2.6089317160258405,0.587173100871731,0.5873631216944355,0.5873120380925791,0.5871460493271403,0.29362910985946655,0.3729531466960907,False,0.82
256,0.029812170192599297,0.989729106426239,1.0,2.59607496059698,0.589041095890411,0.5892205105763575,0.5891740145328773,0.5890181505739228,0.2582334280014038,0.34761154651641846,False,0.82
257,0.02781316637992859,0.9903494715690613,1.0,2.513769926496342,0.597758405977584,0.5980513178836225,0.5979418219606201,0.5976960147911693,0.2593947947025299,0.33792412281036377,False,0.82
258,0.028458096086978912,0.9904184341430664,1.0,2.4522727880798567,0.5983810709838107,0.5985084954016854,0.5984838967343679,0.5983734409331312,0.26168209314346313,0.3662937879562378,False,0.83
259,0.02728194184601307,0.9902116060256958,1.0,2.4506975793897885,0.6027397260273972,0.6029276437790285,0.6028740044513723,0.6027175455547922,0.25187474489212036,0.3593977987766266,False,0.82
260,0.02265685237944126,0.9911766648292542,1.0,2.497538831432908,0.6039850560398505,0.6041737467974532,0.6041194580803263,0.6039629450985076,0.2324639856815338,0.30851832032203674,False,0.82
261,0.024295227602124214,0.9902805685997009,1.0,2.5645394711239105,0.6014943960149439,0.6017341551891939,0.6016533668349502,0.6014548387346936,0.25530382990837097,0.33190667629241943,False,0.83
262,0.024098806083202362,0.9915902614593506,1.0,2.605030938667497,0.5952677459526775,0.5954273567266888,0.5953888746713817,0.5952520534008288,0.25197282433509827,0.33234572410583496,False,0.82
263,0.024819988757371902,0.9909698963165283,1.0,2.5706648773155356,0.6027397260273972,0.6028798252432306,0.6028491884388402,0.602729868345345,0.2662298083305359,0.3622761368751526,False,0.83
264,0.024779366329312325,0.9917970895767212,1.0,2.5877133722174657,0.6083437110834371,0.6085482208924093,0.6084847497847986,0.6083180467975435,0.23314034938812256,0.33433085680007935,False,0.82
265,0.023205766454339027,0.9919349551200867,1.0,2.6358042107721045,0.6052303860523038,0.6054460093896714,0.6053773197155464,0.6052003846392455,0.254634290933609,0.34725043177604675,False,0.82
266,0.023663530126214027,0.9919349551200867,1.0,2.6018373482254047,0.6033623910336239,0.603647062476711,0.6035401592877805,0.603306868304978,0.2462443858385086,0.32866060733795166,False,0.82
267,0.0283670537173748,0.99000483751297,1.0,2.56564129631071,0.5940224159402242,0.5941178751754788,0.5941061970236294,0.5940198974883879,0.271372526884079,0.38122472167015076,False,0.82
268,0.025446126237511635,0.9913834929466248,1.0,2.5561851795999377,0.5940224159402242,0.5942554945182876,0.5941806450612257,0.593982116960969,0.24446870386600494,0.31857338547706604,False,0.82
269,0.027016140520572662,0.9906252026557922,1.0,2.586390513114882,0.5965130759651308,0.5968343352865079,0.596708776337932,0.5964373464373465,0.263170063495636,0.34401002526283264,False,0.83
270,0.026098374277353287,0.9902116060256958,1.0,2.580432326529421,0.5896637608966376,0.5900845455675743,0.5899022094006157,0.5895299207452698,0.26945731043815613,0.36399126052856445,False,0.82
271,0.022303719073534012,0.992003858089447,1.0,2.6266794929171855,0.5909090909090909,0.5911265288383932,0.5910608069857075,0.5908734006950727,0.24037137627601624,0.32643309235572815,False,0.82
272,0.02545553632080555,0.9909698963165283,1.0,2.622914315457659,0.5952677459526775,0.5955291841902216,0.5954385066964458,0.5952168976684742,0.25814828276634216,0.3532286584377289,False,0.82
273,0.022763358429074287,0.9913145303726196,1.0,2.567590164811644,0.5952677459526775,0.5954048774887403,0.5953764666651157,0.5952577028596775,0.24237176775932312,0.3518468141555786,False,0.82
274,0.02472732588648796,0.9909698963165283,1.0,2.598995527027553,0.5896637608966376,0.5898094706137901,0.5897781293379554,0.5896508740265708,0.24891240894794464,0.3942822217941284,False,0.82
275,0.02310028113424778,0.9924864172935486,1.0,2.601227452716376,0.5927770859277709,0.5929132282372436,0.5928855594072076,0.5927669810311216,0.24272900819778442,0.3537687063217163,False,0.82
276,0.02566947415471077,0.9909009337425232,1.0,2.5614647586200188,0.6008717310087173,0.6010224663315336,0.600987211998542,0.6008591961320666,0.2911980152130127,0.359073668718338,False,0.82
277,0.024757200852036476,0.9911077618598938,1.0,2.5713729763387296,0.6027397260273972,0.602980598634345,0.6028988204639043,0.6027002923636475,0.2469189167022705,0.31038588285446167,False,0.82
278,0.02583705633878708,0.9902805685997009,1.0,2.529717204282768,0.6064757160647571,0.6067199289697982,0.6066351813507666,0.6064366532505099,0.2673475742340088,0.31540024280548096,False,0.82
279,0.023567117750644684,0.99000483751297,1.0,2.5781012852194896,0.6033623910336239,0.6035900540137829,0.6035153432752484,0.6033277872796976,0.25172001123428345,0.36392539739608765,False,0.82
280,0.022136634215712547,0.9916592240333557,1.0,2.5549732935087173,0.597758405977584,0.5981790577657328,0.5979914539856843,0.5976361010404692,0.24148041009902954,0.36242496967315674,False,0.82
281,0.02104967087507248,0.9924174547195435,1.0,2.5580343244084682,0.5965130759651308,0.596775821142528,0.5966839603253999,0.5964623841371866,0.23066098988056183,0.309319406747818,False,0.82
282,0.023152707144618034,0.9911766648292542,1.0,2.5849180684736925,0.5915317559153176,0.5919074408104988,0.5917517778346477,0.5914246711342765,0.23945951461791992,0.327565461397171,False,0.83
283,0.025796448811888695,0.9902805685997009,1.0,2.553782689912827,0.5958904109589042,0.5960863978347777,0.5960302134952578,0.5958639306384828,0.25541841983795166,0.3820335268974304,False,0.82
284,0.02342364937067032,0.9926931858062744,1.0,2.5302682688939915,0.589041095890411,0.5892445582586427,0.5891864225391434,0.5890098641354923,0.24637003242969513,0.3358926475048065,False,0.83
285,0.020968100056052208,0.9926931858062744,1.0,2.5576816430572853,0.5990037359900373,0.5992412682988919,0.5991624595770421,0.5989639314767854,0.2291676253080368,0.32432594895362854,False,0.82
286,0.017609594389796257,0.9938650727272034,1.0,2.674017843244085,0.5971357409713575,0.5974133647994038,0.59731289114301,0.5970793466143183,0.22893977165222168,0.29892006516456604,False,0.82
287,0.01913732849061489,0.9921417236328125,1.0,2.6862102807830013,0.5933997509339975,0.5937950601630868,0.593626162281212,0.5932847962018332,0.26654618978500366,0.38759103417396545,False,0.82
288,0.0233606044203043,0.9915902614593506,1.0,2.643954190340909,0.597758405977584,0.5979948248537408,0.597917005948088,0.5977184778478313,0.26430317759513855,0.3522114157676697,False,0.82
289,0.022938992828130722,0.9908320307731628,1.0,2.6355451724003736,0.5909090909090909,0.591152527849186,0.5910732149919735,0.5908632476743416,0.32485857605934143,0.4880393147468567,False,0.83
290,0.024469804018735886,0.9926931858062744,1.0,2.6004257107137296,0.5958904109589042,0.5962261279059654,0.596092253526588,0.5958075112837558,0.24717006087303162,0.34030526876449585,False,0.82
291,0.02077009528875351,0.9929689168930054,1.0,2.59298504631071,0.599626400996264,0.5999366428145498,0.5998162064071842,0.5995579330656372,0.23995134234428406,0.3625202775001526,False,0.82
292,0.020730160176753998,0.992003858089447,1.0,2.605594316722447,0.5933997509339975,0.5936192338734712,0.5935517142436157,0.5933642780119976,0.2470587193965912,0.3425261676311493,False,0.82
293,0.02045917510986328,0.992003858089447,1.0,2.701191637317092,0.5958904109589042,0.5960863978347777,0.5960302134952578,0.5958639306384828,0.2587893605232239,0.3232133388519287,False,0.82
294,0.022336624562740326,0.9916592240333557,1.0,2.6737417788760895,0.5971357409713575,0.597358291426088,0.5972880751304779,0.5971005939873851,0.2898768484592438,0.36284339427948,False,0.82
295,0.02409406192600727,0.9904184341430664,1.0,2.6103348405393834,0.6039850560398505,0.6041997439180538,0.6041318660865924,0.6039549599851108,0.25954049825668335,0.3836967945098877,False,0.81
296,0.021808456629514694,0.9915213584899902,1.0,2.6118264394263697,0.6002490660024906,0.6003881759917338,0.600358281180932,0.6002391465167891,0.2607271671295166,0.3497559130191803,False,0.82
297,0.019827835261821747,0.9926242828369141,1.0,2.5615118841453923,0.5983810709838107,0.5987858616746221,0.5986079767970283,0.598267524579146,0.24761177599430084,0.31810787320137024,False,0.82
298,0.01832856424152851,0.9932446479797363,1.0,2.6152708592777087,0.6027397260273972,0.6030387019137455,0.6029236364764364,0.6026781074872539,0.21787993609905243,0.3144250214099884,False,0.82
299,0.01859661564230919,0.9926242828369141,1.0,2.703277625895081,0.6046077210460772,0.6051760607191738,0.6048848769668629,0.604419841497961,0.22235001623630524,0.3306367099285126,False,0.82
300,0.020957302302122116,0.9927621483802795,1.0,2.7082227657028333,0.6014943960149439,0.6018546564458631,0.6017029988600144,0.6014053810894031,0.2852379083633423,0.35804373025894165,False,0.83
