,goal,sol1,sol2,label
0,"When boiling butter, when it's ready, you can",Pour it onto a plate,Pour it into a jar,1
1,"To permanently attach metal legs to a chair, you can",Weld the metal together to get it to stay firmly in place,Nail the metal together to get it to stay firmly in place,0
2,how do you indent something?,leave a space before starting the writing,press the spacebar,0
3,how do you shake something?,move it up and down and side to side quickly.,stir it very quickly.,0
4,Clean tires,"Pour water, cape off caked on dirt. Use  speed wool to clean out crevices and sparrow spaces.","Pour water, scrape off caked on dirt. Use a steel wool to clean out crevices and narrow spaces.",1
5,how do you taste something?,smell it enough to taste it.,place it in your mouth to taste.,1
6,"To create a makeshift ice pack,","take a sponge and soak it in oil. Put the sponge in a refrigerator and let it freeze. Once frozen, take it out and put it in a ziploc bag. You can now use it as an ice pack.","take a sponge and soak it in water. Put the sponge in a refrigerator and let it freeze. Once frozen, take it out and put it in a ziploc bag. You can now use it as an ice pack.",1
7,What should I use as a stain on a wooden bowl I've just made.,You should coat the wooden bowl with a butcher block oil & finish per manufacturer directions.,You should coat the wooden bowl with a butcher knife oil & finish per manufacturer directions.,0
8,How to boil eggs.,"Place your eggs in a pot and cover with no water by 1 inch, bring to a boil over medium-high heat, then cover, remove from the heat and set aside 8 to 10 minutes.","Place your eggs in a pot and cover with cold water by 1 inch, bring to a boil over medium-high heat, then cover, remove from the heat and set aside 8 to 10 minutes.",1
9,how do you stab something?,stick a sharp object through it.,pin it with a sharp object.,0
